{
    "HumanEval/1": [
        "assert candidate('(()()) ((())) () ((())()())') == ['(()())', '((()))', '()', '((())()())']",
        "assert candidate('() (()) ((())) (((())))') == ['()', '(())', '((()))', '(((())))']",
        "assert candidate('(()(())((())))') == ['(()(())((())))']",
        "assert candidate('( ) (( )) (( )( ))') == ['()', '(())', '(()())']"
    ],
    "HumanEval/17": [
        "assert candidate('') == []",
        "assert candidate('o o o o') == [4, 4, 4, 4]",
        "assert candidate('.| .| .| .|') == [1, 1, 1, 1]",
        "assert candidate('o| o| .| .| o o o o') == [2, 2, 1, 1, 4, 4, 4, 4]",
        "assert candidate('o| .| o| .| o o| o o|') == [2, 1, 2, 1, 4, 2, 4, 2]"
    ],
    "HumanEval/26": [
        "assert candidate([]) == []",
        "assert candidate([1, 2, 3, 4]) == [1, 2, 3, 4]",
        "assert candidate([1, 2, 3, 2, 4, 3, 5]) == [1, 4, 5]"
    ],
    "HumanEval/77": [
        "assert candidate(1) == True",
        "assert candidate(2) == False",
        "assert candidate(-1) == True",
        "assert candidate(64) == True",
        "assert candidate(180) == False",
        "assert candidate(1000) == True",
        "assert candidate(0) == True",
        "assert candidate(1729) == False"
    ],
    "HumanEval/84": [
        "assert candidate(1000) == \"1\"",
        "assert candidate(150) == \"110\"",
        "assert candidate(147) == \"1100\"",
        "assert candidate(333) == \"1001\"",
        "assert candidate(963) == \"10010\""
    ],
    "HumanEval/94": [
        "assert skjkasdkd([0,3,2,1,3,5,7,4,5,5,5,2,181,32,4,32,3,2,32,324,4,3]) == 10",
        "assert skjkasdkd([1,0,1,8,2,4597,2,1,3,40,1,2,1,2,4,2,5,1]) == 25",
        "assert skjkasdkd([1,3,1,32,5107,34,83278,109,163,23,2323,32,30,1,9,3]) == 13",
        "assert skjkasdkd([0,724,32,71,99,32,6,0,5,91,83,0,5,6]) == 11",
        "assert skjkasdkd([0,81,12,3,1,21]) == 3",
        "assert skjkasdkd([0,8,1,2,1,7]) == 7",
        "assert skjkasdkd([8191]) == 19",
        "assert skjkasdkd([8191, 123456, 127, 7]) == 19",
        "assert skjkasdkd([127, 97, 8192]) == 10"
    ],
    "HumanEval/101": [
        "assert candidate(\"Hi, my name is John\") == [\"Hi\",\"my\", \"name\", \"is\", \"John\"]",
        "assert candidate(\"One, two, three, four, five, six\") == [\"One\", \"two\", \"three\", \"four\", \"five\", \"six\"]",
        "assert candidate(\"Hi, my name\") == [\"Hi\", \"my\", \"name\"]",
        "assert candidate(\"One,, two, three, four, five, six,\") == [\"One\", \"two\", \"three\", \"four\", \"five\", \"six\"]",
        "assert candidate(\"\") == []",
        "assert candidate(\"ahmed     , gamal\") == [\"ahmed\", \"gamal\"]"
    ],
    "HumanEval/107": [
        "assert candidate(123) == (8, 13)",
        "assert candidate(12) == (4, 6)",
        "assert candidate(3) == (1, 2)",
        "assert candidate(63) == (6, 8)",
        "assert candidate(25) == (5, 6)",
        "assert candidate(19) == (4, 6)",
        "assert candidate(9) == (4, 5)",
        "assert candidate(1) == (0, 1)"
    ],
    "HumanEval/114": [
        "assert candidate([2, 3, 4, 1, 2, 4]) == 1",
        "assert candidate([-1, -2, -3]) == -6",
        "assert candidate([-1, -2, -3, 2, -10]) == -14",
        "assert candidate([-9999999999999999]) == -9999999999999999",
        "assert candidate([0, 10, 20, 1000000]) == 0",
        "assert candidate([-1, -2, -3, 10, -5]) == -6",
        "assert candidate([100, -1, -2, -3, 10, -5]) == -6",
        "assert candidate([10, 11, 13, 8, 3, 4]) == 3",
        "assert candidate([100, -33, 32, -1, 0, -2]) == -33",
        "assert candidate([-10]) == -10",
        "assert candidate([7]) == 7",
        "assert candidate([1, -1]) == -1"
    ],
    "HumanEval/156": [
        "assert candidate(19) == 'xix'",
        "assert candidate(152) == 'clii'",
        "assert candidate(251) == 'ccli'",
        "assert candidate(426) == 'cdxxvi'",
        "assert candidate(500) == 'd'",
        "assert candidate(1) == 'i'",
        "assert candidate(4) == 'iv'",
        "assert candidate(43) == 'xliii'",
        "assert candidate(90) == 'xc'",
        "assert candidate(94) == 'xciv'",
        "assert candidate(532) == 'dxxxii'",
        "assert candidate(900) == 'cm'",
        "assert candidate(994) == 'cmxciv'",
        "assert candidate(1000) == 'm'"
    ]
}